[
  {
    "query": "Close-up of premium dark roasted coffee beans for product imagery",
    "image_info": {
      "url": "https://www.freshroastedcoffee.com/cdn/shop/files/medium_391026e2-1fee-4413-89c1-064d7c215b85.jpg?v=1763128147&width=1000",
      "img_format": "JPEG",
      "mode": "RGB",
      "file_size": 69819,
      "width": 1000,
      "height": 1000,
      "total_pixels": 1000000,
      "basic_score": 0.9239822134284456,
      "file_name": "coffee_beans_premium_2.jpg"
    },
    "llm_score": null
  },
  {
    "query": "Close-up of premium dark roasted coffee beans for product imagery",
    "image_info": {
      "url": "https://weaverscoffee.com/cdn/shop/articles/Four_rows_of_coffee_beans_green_coffee_beans_light_roasted_coffee_beans_medium_dark_roasted_coffee_beans_and_dark_roasted_coffee_beans_copy_1213x.jpg?v=1695071646",
      "img_format": "JPEG",
      "mode": "RGB",
      "file_size": 77826,
      "width": 1213,
      "height": 667,
      "total_pixels": 809071,
      "basic_score": 0.9161907456459376,
      "file_name": "coffee_beans_premium_3.jpg"
    },
    "llm_score": null
  },
  {
    "query": "Close-up of premium dark roasted coffee beans for product imagery",
    "image_info": {
      "url": "https://www.freshroastedcoffee.com/cdn/shop/files/medium_90ac8c63-c7e9-475b-842d-2ccc6947d01e.jpg?v=1763128147&width=900",
      "img_format": "JPEG",
      "mode": "RGB",
      "file_size": 67234,
      "width": 900,
      "height": 900,
      "total_pixels": 810000,
      "basic_score": 0.9123043345578952,
      "file_name": "coffee_beans_premium_7.jpg"
    },
    "llm_score": null
  },
  {
    "query": "Aesthetic coffee cup with steam for hero elements and highlights",
    "image_info": {
      "url": "https://i.pinimg.com/564x/c9/cc/bb/c9ccbb93442116605f13e82d72e80c48.jpg",
      "img_format": "JPEG",
      "mode": "RGB",
      "file_size": 28827,
      "width": 540,
      "height": 800,
      "total_pixels": 432000,
      "basic_score": 0.8259468010752419,
      "file_name": "coffee_cup_steam_5.jpg"
    },
    "llm_score": null
  },
  {
    "query": "Aesthetic coffee cup with steam for hero elements and highlights",
    "image_info": {
      "url": "https://img.freepik.com/premium-photo/cup-coffee-lattee-table-conceptual-stilllife-photography-with-morning-situations_1048944-20062117.jpg",
      "img_format": "JPEG",
      "mode": "RGB",
      "file_size": 58366,
      "width": 470,
      "height": 626,
      "total_pixels": 294220,
      "basic_score": 0.787282567208103,
      "file_name": "coffee_cup_steam_8.jpg"
    },
    "llm_score": null
  },
  {
    "query": "Aesthetic coffee cup with steam for hero elements and highlights",
    "image_info": {
      "url": "https://img.freepik.com/premium-photo/steaming-coffee-cup_80013-1864.jpg",
      "img_format": "JPEG",
      "mode": "RGB",
      "file_size": 52814,
      "width": 417,
      "height": 626,
      "total_pixels": 261042,
      "basic_score": 0.7774527996182334,
      "file_name": "coffee_cup_steam_6.jpg"
    },
    "llm_score": null
  },
  {
    "query": "Modern cafe seating area with warm atmosphere for location section",
    "image_info": {
      "url": "https://www.tallboxdesign.com/wp-content/uploads/2024/09/NEW_JJJVPMOHSF2TFAOSUL89K4NIQ-1024x574.webp",
      "img_format": "WEBP",
      "mode": "RGB",
      "file_size": 118274,
      "width": 1024,
      "height": 574,
      "total_pixels": 587776,
      "basic_score": 0.8906978511058474,
      "file_name": "cafe_seating_area_8.webp"
    },
    "llm_score": null
  },
  {
    "query": "Modern cafe seating area with warm atmosphere for location section",
    "image_info": {
      "url": "https://www.tallboxdesign.com/wp-content/uploads/2024/09/NEW_2ERRKG18SOKK8F90I-Q05W-1024x574.webp",
      "img_format": "WEBP",
      "mode": "RGB",
      "file_size": 78250,
      "width": 1024,
      "height": 574,
      "total_pixels": 587776,
      "basic_score": 0.8863057840697542,
      "file_name": "cafe_seating_area_4.webp"
    },
    "llm_score": null
  },
  {
    "query": "Modern cafe seating area with warm atmosphere for location section",
    "image_info": {
      "url": "http://oggnhome.com/cdn/shop/articles/unnamed_11cafd03-5b79-4478-9d83-7d89246d3064.png?v=1758029713",
      "img_format": "PNG",
      "mode": "RGB",
      "file_size": 2023995,
      "width": 1024,
      "height": 1024,
      "total_pixels": 1048576,
      "basic_score": 0.8734782047604939,
      "file_name": "cafe_seating_area_1.png"
    },
    "llm_score": null
  },
  {
    "query": "High-quality modern cafe interior with sophisticated warm lighting for hero section background",
    "image_info": {
      "url": "https://thumbs.dreamstime.com/b/modern-coffee-shop-interior-wooden-furniture-empty-cafe-tables-chairs-bar-counter-contemporary-design-light-color-palette-367361760.jpg",
      "img_format": "JPEG",
      "mode": "RGB",
      "file_size": 59237,
      "width": 800,
      "height": 520,
      "total_pixels": 416000,
      "basic_score": 0.8272391580755546,
      "file_name": "cafe_interior_hero_8.jpg"
    },
    "llm_score": null
  },
  {
    "query": "High-quality modern cafe interior with sophisticated warm lighting for hero section background",
    "image_info": {
      "url": "https://img.freepik.com/premium-photo/modern-restaurant-interior-design-with-warm-lighting-elegant-table-settings_191095-53977.jpg",
      "img_format": "JPEG",
      "mode": "RGB",
      "file_size": 101005,
      "width": 626,
      "height": 417,
      "total_pixels": 261042,
      "basic_score": 0.7813517068308107,
      "file_name": "cafe_interior_hero_6.jpg"
    },
    "llm_score": null
  },
  {
    "query": "High-quality modern cafe interior with sophisticated warm lighting for hero section background",
    "image_info": {
      "url": "https://www.shutterstock.com/image-photo/modern-european-cafe-interior-downtown-600nw-421063186.jpg",
      "img_format": "JPEG",
      "mode": "RGB",
      "file_size": 87480,
      "width": 600,
      "height": 400,
      "total_pixels": 240000,
      "basic_score": 0.771796858343403,
      "file_name": "cafe_interior_hero_4.jpg"
    },
    "llm_score": null
  },
  {
    "query": "Professional barista creating latte art for about/brewing section",
    "image_info": {
      "url": "https://noc.coffee/media/2019/05/DSC07304.jpg",
      "img_format": "JPEG",
      "mode": "RGB",
      "file_size": 107213,
      "width": 1200,
      "height": 800,
      "total_pixels": 960000,
      "basic_score": 0.9337916328251491,
      "file_name": "barista_latte_art_3.jpg"
    },
    "llm_score": null
  },
  {
    "query": "Professional barista creating latte art for about/brewing section",
    "image_info": {
      "url": "http://atomicroastery.com/cdn/shop/files/latte-art-workshop.jpg?v=1720000282",
      "img_format": "JPEG",
      "mode": "RGB",
      "file_size": 172631,
      "width": 1080,
      "height": 1080,
      "total_pixels": 1166400,
      "basic_score": 0.9269580015924835,
      "file_name": "barista_latte_art_7.jpg"
    },
    "llm_score": null
  },
  {
    "query": "Professional barista creating latte art for about/brewing section",
    "image_info": {
      "url": "https://espresso-works.com/cdn/shop/articles/espresso-works-blog-latte-art_1081x.jpg?v=1599731390",
      "img_format": "JPEG",
      "mode": "RGB",
      "file_size": 161757,
      "width": 1081,
      "height": 1081,
      "total_pixels": 1168561,
      "basic_score": 0.9257978853052826,
      "file_name": "barista_latte_art_1.jpg"
    },
    "llm_score": null
  }
]