{
  "color": {
    "mocha": {
      "50": { "value": "#FBF7F4", "type": "color" },
      "100": { "value": "#F5F0EB", "type": "color" },
      "500": { "value": "#A47864", "type": "color" },
      "700": { "value": "#7A5A49", "type": "color" },
      "900": { "value": "#4D3A2E", "type": "color" }
    },
    "purple": {
      "500": { "value": "#6B4C7A", "type": "color" },
      "700": { "value": "#523B5E", "type": "color" }
    },
    "emerald": {
      "500": { "value": "#2D5C4F", "type": "color" },
      "700": { "value": "#1F443A", "type": "color" }
    },
    "orange": {
      "500": { "value": "#E2725B", "type": "color" },
      "600": { "value": "#D5634D", "type": "color" },
      "amber": { "value": "#D97D3A", "type": "color" }
    },
    "neutral": {
      "50": { "value": "#FAFAF8", "type": "color" },
      "200": { "value": "#E8E6E0", "type": "color" },
      "500": { "value": "#9B9A94", "type": "color" },
      "700": { "value": "#4A4A45", "type": "color" },
      "900": { "value": "#1C1C19", "type": "color" }
    },
    "semantic": {
      "bg-primary": { "value": "{color.mocha.50}", "type": "color" },
      "surface-elevated": { "value": "{color.mocha.100}", "type": "color" },
      "text-primary": { "value": "{color.neutral.900}", "type": "color" },
      "text-secondary": { "value": "{color.neutral.700}", "type": "color" },
      "accent-cta": { "value": "{color.orange.500}", "type": "color" },
      "accent-brand": { "value": "{color.mocha.500}", "type": "color" }
    }
  },
  "typography": {
    "fontFamily": {
      "display": { "value": "'Playfair Display', Georgia, 'Times New Roman', serif", "type": "fontFamily" },
      "body": { "value": "'Inter', -apple-system, BlinkMacSystemFont, 'Segoe UI', sans-serif", "type": "fontFamily" }
    },
    "fontSize": {
      "display": { "value": "96px", "type": "dimension" },
      "h1": { "value": "72px", "type": "dimension" },
      "h2": { "value": "48px", "type": "dimension" },
      "h3": { "value": "32px", "type": "dimension" },
      "body-lg": { "value": "20px", "type": "dimension" },
      "body": { "value": "18px", "type": "dimension" },
      "small": { "value": "14px", "type": "dimension" },
      "caption": { "value": "12px", "type": "dimension" }
    },
    "fontWeight": {
      "light": { "value": "300", "type": "number" },
      "regular": { "value": "400", "type": "number" },
      "medium": { "value": "500", "type": "number" },
      "semibold": { "value": "600", "type": "number" },
      "bold": { "value": "700", "type": "number" }
    },
    "lineHeight": {
      "display": { "value": "1.1", "type": "number" },
      "h1": { "value": "1.15", "type": "number" },
      "h2": { "value": "1.2", "type": "number" },
      "h3": { "value": "1.3", "type": "number" },
      "body-lg": { "value": "1.7", "type": "number" },
      "body": { "value": "1.6", "type": "number" },
      "small": { "value": "1.5", "type": "number" },
      "caption": { "value": "1.4", "type": "number" }
    },
    "letterSpacing": {
      "tight": { "value": "-0.01em", "type": "dimension" },
      "normal": { "value": "0", "type": "dimension" },
      "relaxed": { "value": "0.01em", "type": "dimension" },
      "wide": { "value": "0.02em", "type": "dimension" },
      "wider": { "value": "0.05em", "type": "dimension" }
    }
  },
  "spacing": {
    "1": { "value": "8px", "type": "dimension" },
    "2": { "value": "16px", "type": "dimension" },
    "3": { "value": "24px", "type": "dimension" },
    "4": { "value": "32px", "type": "dimension" },
    "6": { "value": "48px", "type": "dimension" },
    "8": { "value": "64px", "type": "dimension" },
    "12": { "value": "96px", "type": "dimension" },
    "16": { "value": "128px", "type": "dimension" },
    "20": { "value": "160px", "type": "dimension" }
  },
  "borderRadius": {
    "sm": { "value": "8px", "type": "dimension" },
    "md": { "value": "12px", "type": "dimension" },
    "lg": { "value": "16px", "type": "dimension" },
    "full": { "value": "9999px", "type": "dimension" }
  },
  "boxShadow": {
    "card": {
      "value": "0 4px 12px rgba(0, 0, 0, 0.08), 0 2px 4px rgba(0, 0, 0, 0.04)",
      "type": "boxShadow"
    },
    "card-hover": {
      "value": "0 12px 24px rgba(0, 0, 0, 0.12), 0 6px 12px rgba(0, 0, 0, 0.06)",
      "type": "boxShadow"
    },
    "modal": {
      "value": "0 24px 48px rgba(0, 0, 0, 0.15), 0 12px 24px rgba(0, 0, 0, 0.08)",
      "type": "boxShadow"
    }
  },
  "animation": {
    "duration": {
      "fast": { "value": "250ms", "type": "duration" },
      "normal": { "value": "400ms", "type": "duration" },
      "slow": { "value": "600ms", "type": "duration" }
    },
    "easing": {
      "standard": { "value": "cubic-bezier(0.4, 0.0, 0.2, 1)", "type": "cubicBezier" },
      "elegant": { "value": "cubic-bezier(0.25, 0.46, 0.45, 0.94)", "type": "cubicBezier" }
    }
  }
}
