{"hero_content": {"tagline": "Where Art Meets Science in Every Cup", "headlines": ["Crafted with Precision", "Sourced with Purpose", "Served with Passion", "Brewed to Perfection"], "subtitle": "Experience the harmony of traditional craftsmanship and modern innovation in every sip of our expertly crafted coffee.", "cta_primary": "Explore Our Menu", "cta_secondary": "Learn Our Story", "background_image": "imgs/cafe_interior_hero_8.jpg"}, "brewing_guides": [{"title": "Perfect Espresso Extraction", "duration": "25-30 seconds", "grind": "Fine", "temperature": "200°F", "ratio": "1:2 (coffee to water)", "description": "The foundation of great espresso lies in consistent extraction. Our baristas maintain precise parameters to ensure every shot delivers the perfect balance of sweetness, acidity, and body."}, {"title": "Pour Over Excellence", "duration": "3-4 minutes", "grind": "Medium-fine", "temperature": "195-205°F", "ratio": "1:16 (coffee to water)", "description": "Experience the pure essence of single-origin beans through our manual brewing methods. Each pour is timed and temperature-controlled for optimal flavor extraction."}, {"title": "Cold Brew Mastery", "duration": "12-18 hours", "grind": "Coarse", "temperature": "Room temperature", "ratio": "1:8 (coffee to water)", "description": "Slow-steeped perfection that produces a smooth, low-acid concentrate perfect for hot summer days or as a base for creative coffee cocktails."}], "sustainability_facts": [{"metric": "100%", "label": "Compostable Packaging", "description": "All coffee sales use eco-friendly packaging"}, {"metric": "12", "label": "Direct Trade Farms", "description": "We maintain direct relationships with sustainable farms"}, {"metric": "Zero", "label": "Food Waste", "description": "All food waste is composted through our program"}, {"metric": "25%", "label": "Energy Reduction", "description": "Through our efficient roasting equipment"}]}