{"location": {"name": "Aurora Brew Flagship", "address": {"street": "1247 Coffee Street", "city": "Portland", "state": "OR", "zip": "97205", "neighborhood": "Arts District"}, "coordinates": {"lat": 45.523064, "lng": -122.676483}, "hours": {"monday": "6:30 AM - 8:00 PM", "tuesday": "6:30 AM - 8:00 PM", "wednesday": "6:30 AM - 8:00 PM", "thursday": "6:30 AM - 8:00 PM", "friday": "6:30 AM - 8:00 PM", "saturday": "7:00 AM - 9:00 PM", "sunday": "7:00 AM - 9:00 PM"}, "contact": {"phone": "(503) 555-BREW", "email": "hello@aurorabrew.com", "website": "aurorabrew.com"}, "features": ["60 seats with communal and private seating", "Free high-speed WiFi throughout", "Dedicated workspace area with power outlets", "Outdoor patio seating (weather permitting)", "Private meeting room available for reservations", "Coffee roasting facility viewing area"], "transportation": {"parking": "Street parking available", "public_transit": "Two blocks from MAX Light Rail (Pioneer Square station)", "biking": "Bike-friendly with secure parking", "walking": "Walking distance from major hotels and businesses"}}, "social_media": {"instagram": "@aurorabrew", "facebook": "AuroraBrewPortland", "twitter": "@aurorabrew", "tiktok": "@aurorabrew"}, "awards": [{"year": 2021, "title": "Best New Coffee Shop", "organization": "Portland Coffee Awards"}, {"year": 2022, "title": "Sustainability Champion", "organization": "Oregon Green Business Awards"}, {"year": 2023, "title": "Outstanding Hospitality", "organization": "Portland Monthly"}, {"year": 2024, "title": "Good Food Awards Finalist", "organization": "Good Food Awards"}]}