{"signature_drinks": [{"id": "aurora-espresso", "name": "Aurora Espresso", "price": 3.5, "description": "Our house blend featuring notes of dark chocolate and caramelized orange. Perfectly balanced with a silky crema.", "category": "Espresso", "image": "imgs/coffee_beans_premium_2.jpg", "tags": ["house-blend", "classic", "espresso"]}, {"id": "northern-lights-latte", "name": "Northern Lights Latte", "price": 4.75, "description": "Velvety espresso combined with house-made vanilla bean syrup and steamed milk, topped with latte art.", "category": "Latte", "image": "imgs/barista_latte_art_3.jpg", "tags": ["signature", "vanilla", "latte-art"]}, {"id": "celestial-cappuccino", "name": "Celestial Cappuccino", "price": 4.25, "description": "Equal parts espresso, steamed milk, and foam with a dusting of our signature spice blend.", "category": "Cappuccino", "image": "imgs/coffee_cup_steam_5.jpg", "tags": ["classic", "cappuccino", "spice"]}, {"id": "stellar-macchiato", "name": "Stellar Macchiato", "price": 4.5, "description": "Espresso \"marked\" with a dollop of steamed milk foam, served in our signature ceramic cups.", "category": "Macchiato", "image": "imgs/coffee_cup_steam_8.jpg", "tags": ["espresso", "macchiato", "ceramic"]}], "seasonal_specialties": [{"id": "golden-hour-cold-brew", "name": "Golden Hour Cold Brew", "price": 5.25, "description": "Slow-steeped for 18 hours with notes of honey and tropical fruit. Served over ice with choice of milk.", "category": "Cold Brew", "image": "imgs/coffee_cup_steam_6.jpg", "tags": ["cold-brew", "seasonal", "honey"]}, {"id": "autumn-spice-latte", "name": "Autumn Spice Latte", "price": 5.5, "description": "Pumpkin spice meets our premium espresso with house-made pumpkin syrup and autumn spices.", "category": "Seasonal Latte", "image": "imgs/coffee_cup_steam_5.jpg", "tags": ["seasonal", "pumpkin", "spice"]}, {"id": "winter-solstice-hot-chocolate", "name": "Winter Solstice Hot Chocolate", "price": 4.75, "description": "Rich dark chocolate with house-made whipped cream and a sprinkle of cocoa nibs.", "category": "Hot Chocolate", "image": "imgs/coffee_cup_steam_8.jpg", "tags": ["hot-chocolate", "winter", "seasonal"]}], "manual_brewing": [{"id": "pour-over-bar", "name": "Pour Over Bar", "price": 6.0, "description": "Single-origin beans brewed to order using V60, Chemex, or French press. Ask our baristas for today's featured origin.", "category": "Pour Over", "image": "imgs/barista_latte_art_7.jpg", "tags": ["pour-over", "single-origin", "v60"]}, {"id": "siphon-coffee", "name": "Siphon Coffee", "price": 7.0, "description": "The theatrical brewing method that produces clean, bright flavors with floral aromatics.", "category": "Siphon", "image": "imgs/barista_latte_art_1.jpg", "tags": ["siphon", "theatrical", "floral"]}, {"id": "aeropress-excellence", "name": "AeroPress Excellence", "price": 5.5, "description": "Innovative brewing that combines immersion and pressure for a unique flavor profile.", "category": "AeroPress", "image": "imgs/coffee_beans_premium_3.jpg", "tags": ["aeropress", "innovative", "pressure"]}], "food_menu": [{"id": "avocado-toast-supreme", "name": "Avocado Toast Supreme", "price": 8.5, "description": "Sourdough bread with smashed avocado, heirloom tomatoes, microgreens, and everything seasoning.", "category": "Breakfast", "image": "imgs/cafe_interior_hero_8.jpg", "tags": ["avocado", "sourdough", "healthy"]}, {"id": "quinoa-power-bowl", "name": "Quinoa Power Bowl", "price": 12.0, "description": "Roasted vegetables, quinoa, chickpeas, and tahini dressing. Perfect for health-conscious guests.", "category": "Bowls", "image": "imgs/cafe_seating_area_8.webp", "tags": ["quinoa", "healthy", "vegan-option"]}, {"id": "aurora-croissant", "name": "Aurora Croissant", "price": 4.25, "description": "Flaky, buttery croissants baked fresh daily. Available plain, chocolate, or almond.", "category": "Pastries", "image": "imgs/coffee_beans_premium_7.jpg", "tags": ["croissant", "butter", "fresh-daily"]}]}